Date,Open,High,Low,Close,Volume
2026-05-04 03:45:00,1433.4,1445.0,1433.4,1443.7,792441
2026-05-04 03:50:00,1443.7,1446.5,1439.8,1441.3,318074
2026-05-04 03:55:00,1441.7,1442.5,1437.8,1438.5,208316
2026-05-04 04:00:00,1438.5,1442.3,1438.5,1441.6,225557
2026-05-04 04:05:00,1441.9,1445.0,1441.5,1444.7,186978
2026-05-04 04:10:00,1444.7,1445.7,1443.4,1443.5,172624
2026-05-04 04:15:00,1443.8,1444.0,1441.8,1443.6,154583
2026-05-04 04:20:00,1444.3,1444.3,1439.5,1439.5,144682
2026-05-04 04:25:00,1440.1,1441.8,1438.2,1441.8,139369
2026-05-04 04:30:00,1441.8,1443.6,1438.3,1438.5,183199
2026-05-04 04:35:00,1438.3,1440.5,1437.9,1438.9,149649
2026-05-04 04:40:00,1438.5,1439.8,1436.0,1437.2,142402
2026-05-04 04:45:00,1437.2,1439.8,1437.2,1438.0,171711
2026-05-04 04:50:00,1438.0,1440.3,1437.0,1439.0,178829
2026-05-04 04:55:00,1438.8,1442.0,1438.5,1441.7,110027
2026-05-04 05:00:00,1442.2,1445.1,1442.0,1442.7,440704
2026-05-04 05:05:00,1442.7,1445.6,1442.4,1445.4,282960
2026-05-04 05:10:00,1445.3,1448.5,1445.0,1446.2,343347
2026-05-04 05:15:00,1446.1,1446.9,1444.4,1446.4,216686
2026-05-04 05:20:00,1446.3,1446.5,1445.1,1445.6,132426
2026-05-04 05:25:00,1445.8,1446.0,1443.7,1445.1,473331
2026-05-04 05:30:00,1445.1,1446.2,1444.8,1446.1,229665
2026-05-04 05:35:00,1446.1,1447.0,1445.0,1446.5,197748
2026-05-04 05:40:00,1446.5,1449.0,1446.5,1448.5,226181
2026-05-04 05:45:00,1448.1,1451.0,1448.0,1448.1,341722
2026-05-04 05:50:00,1448.0,1448.8,1447.7,1448.2,143239
2026-05-04 05:55:00,1448.2,1449.0,1447.7,1448.6,170896
2026-05-04 06:00:00,1448.7,1448.7,1447.2,1448.2,194488
2026-05-04 06:05:00,1448.2,1450.0,1448.0,1449.4,138606
2026-05-04 06:10:00,1449.3,1449.8,1448.0,1449.6,89848
2026-05-04 06:15:00,1449.6,1450.1,1448.3,1449.6,119872
2026-05-04 06:20:00,1449.6,1452.7,1449.6,1451.0,252390
2026-05-04 06:25:00,1451.0,1451.0,1449.8,1450.6,118783
2026-05-04 06:30:00,1450.7,1451.3,1449.0,1450.1,150420
2026-05-04 06:35:00,1450.0,1451.0,1449.1,1449.7,255680
2026-05-04 06:40:00,1449.7,1450.0,1446.5,1447.0,557284
2026-05-04 06:45:00,1446.8,1450.9,1446.7,1450.4,511672
2026-05-04 06:50:00,1450.6,1451.0,1448.0,1450.2,320296
2026-05-04 06:55:00,1450.2,1451.0,1448.7,1450.3,247275
2026-05-04 07:00:00,1450.2,1451.8,1449.5,1451.0,363767
2026-05-04 07:05:00,1451.0,1453.2,1450.6,1452.9,301154
2026-05-04 07:10:00,1453.0,1455.3,1453.0,1454.0,945738
2026-05-04 07:15:00,1454.0,1458.1,1454.0,1455.6,588303
2026-05-04 07:20:00,1455.7,1461.7,1454.5,1460.6,506631
2026-05-04 07:25:00,1460.5,1464.4,1459.7,1461.0,478812
2026-05-04 07:30:00,1461.0,1461.8,1457.1,1458.2,294705
2026-05-04 07:35:00,1458.1,1460.9,1456.8,1460.8,525722
2026-05-04 07:40:00,1460.7,1460.8,1459.2,1460.0,119415
2026-05-04 07:45:00,1460.1,1460.5,1457.3,1459.0,190201
2026-05-04 07:50:00,1459.0,1459.1,1456.2,1457.5,478685
2026-05-04 07:55:00,1457.5,1459.4,1455.1,1455.4,205041
2026-05-04 08:00:00,1455.3,1458.2,1454.5,1457.3,568958
2026-05-04 08:05:00,1457.4,1458.9,1456.0,1458.7,361365
2026-05-04 08:10:00,1458.6,1460.5,1457.9,1460.2,220994
2026-05-04 08:15:00,1460.5,1460.6,1458.9,1460.4,261094
2026-05-04 08:20:00,1460.5,1461.8,1460.0,1461.3,189352
2026-05-04 08:25:00,1461.3,1461.5,1458.9,1461.0,428736
2026-05-04 08:30:00,1461.0,1461.5,1459.1,1460.5,167761
2026-05-04 08:35:00,1460.5,1462.0,1460.4,1461.7,388857
2026-05-04 08:40:00,1462.0,1463.2,1460.4,1461.1,352170
2026-05-04 08:45:00,1461.3,1462.0,1459.3,1461.2,211395
2026-05-04 08:50:00,1461.1,1462.2,1460.5,1461.3,104126
2026-05-04 08:55:00,1461.2,1461.9,1460.0,1461.8,329049
2026-05-04 09:00:00,1461.9,1462.7,1461.0,1461.6,432087
2026-05-04 09:05:00,1461.6,1463.1,1461.5,1463.0,260268
2026-05-04 09:10:00,1462.5,1462.9,1457.8,1459.3,456181
2026-05-04 09:15:00,1459.1,1459.9,1457.7,1459.0,553776
2026-05-04 09:20:00,1459.1,1459.9,1457.8,1459.8,277691
2026-05-04 09:25:00,1459.5,1461.9,1459.1,1459.5,307967
2026-05-04 09:30:00,1459.4,1462.1,1459.2,1461.3,479494
2026-05-04 09:35:00,1461.3,1463.5,1460.5,1462.1,538783
2026-05-04 09:40:00,1462.3,1462.4,1460.0,1461.2,340528
2026-05-04 09:45:00,1461.4,1462.7,1461.1,1462.2,730813
2026-05-04 09:50:00,1462.3,1465.5,1462.3,1465.1,868413
2026-05-04 09:55:00,1465.0,1467.4,1464.0,1467.0,743833
2026-05-05 03:45:00,1460.0,1469.3,1455.0,1466.5,1040502
2026-05-05 03:50:00,1466.9,1467.5,1463.5,1465.2,392852
2026-05-05 03:55:00,1465.4,1467.5,1464.0,1467.0,346051
2026-05-05 04:00:00,1467.0,1470.8,1465.0,1470.8,212958
2026-05-05 04:05:00,1470.6,1473.4,1468.4,1468.4,314282
2026-05-05 04:10:00,1468.4,1469.0,1466.7,1467.3,208194
2026-05-05 04:15:00,1467.6,1468.9,1466.6,1467.2,154377
2026-05-05 04:20:00,1467.2,1469.0,1465.8,1466.8,204885
2026-05-05 04:25:00,1466.7,1467.6,1465.0,1467.5,247141
2026-05-05 04:30:00,1467.4,1469.1,1465.6,1466.7,205625
2026-05-05 04:35:00,1466.4,1467.5,1465.3,1465.4,259380
2026-05-05 04:40:00,1465.1,1466.7,1464.0,1465.7,293371
2026-05-05 04:45:00,1465.7,1465.9,1462.0,1462.6,192636
2026-05-05 04:50:00,1462.5,1462.9,1458.2,1459.0,410395
2026-05-05 04:55:00,1459.0,1459.1,1454.0,1455.6,351157
2026-05-05 05:00:00,1455.1,1456.1,1451.6,1452.5,336952
2026-05-05 05:05:00,1452.5,1454.3,1451.0,1452.7,254935
2026-05-05 05:10:00,1452.5,1455.0,1452.5,1454.5,301342
2026-05-05 05:15:00,1454.6,1457.0,1453.0,1457.0,231168
2026-05-05 05:20:00,1457.0,1457.9,1455.0,1455.9,113455
2026-05-05 05:25:00,1455.8,1456.5,1452.8,1453.2,146605
2026-05-05 05:30:00,1452.8,1456.0,1452.2,1455.5,327366
2026-05-05 05:35:00,1455.0,1455.5,1453.1,1453.8,292444
2026-05-05 05:40:00,1453.3,1454.0,1452.1,1452.9,207220
2026-05-05 05:45:00,1452.9,1453.0,1450.0,1450.5,232989
2026-05-05 05:50:00,1450.5,1453.0,1450.1,1452.8,105293
2026-05-05 05:55:00,1452.8,1453.2,1451.1,1452.0,108877
2026-05-05 06:00:00,1451.7,1455.9,1451.5,1455.0,155330
2026-05-05 06:05:00,1454.7,1456.8,1454.0,1454.6,131574
2026-05-05 06:10:00,1454.8,1455.9,1453.4,1455.2,152949
2026-05-05 06:15:00,1454.6,1456.1,1454.0,1454.6,111577
2026-05-05 06:20:00,1454.6,1455.6,1453.7,1453.9,267685
2026-05-05 06:25:00,1454.0,1454.8,1453.2,1454.1,187457
2026-05-05 06:30:00,1454.4,1455.7,1454.0,1454.1,519878
2026-05-05 06:35:00,1454.1,1457.9,1453.8,1457.9,448091
2026-05-05 06:40:00,1457.7,1460.9,1457.3,1460.1,218435
2026-05-05 06:45:00,1460.2,1461.4,1458.1,1461.0,206847
2026-05-05 06:50:00,1461.3,1462.9,1460.5,1462.4,250463
2026-05-05 06:55:00,1462.1,1462.6,1460.0,1460.1,254442
2026-05-05 07:00:00,1460.1,1461.8,1459.3,1461.3,319743
2026-05-05 07:05:00,1461.0,1462.0,1459.3,1459.3,286851
2026-05-05 07:10:00,1459.8,1461.4,1458.9,1460.3,398955
2026-05-05 07:15:00,1459.5,1464.8,1459.5,1464.4,281663
2026-05-05 07:20:00,1464.3,1465.7,1464.1,1464.5,212349
2026-05-05 07:25:00,1464.5,1465.7,1463.6,1465.3,217413
2026-05-05 07:30:00,1465.3,1466.2,1464.4,1464.8,270411
2026-05-05 07:35:00,1464.9,1467.1,1464.4,1466.4,281417
2026-05-05 07:40:00,1466.4,1467.2,1465.3,1466.4,559677
2026-05-05 07:45:00,1465.9,1466.8,1462.0,1462.6,608505
2026-05-05 07:50:00,1462.3,1466.1,1461.5,1464.3,437279
2026-05-05 07:55:00,1463.9,1465.0,1462.5,1464.9,322647
2026-05-05 08:00:00,1464.5,1465.0,1461.5,1462.1,352339
2026-05-05 08:05:00,1461.6,1464.2,1461.5,1462.3,202641
2026-05-05 08:10:00,1462.0,1463.8,1461.1,1462.4,380374
2026-05-05 08:15:00,1463.0,1463.9,1461.1,1462.0,160359
2026-05-05 08:20:00,1462.0,1462.5,1458.4,1460.4,292286
2026-05-05 08:25:00,1460.5,1464.6,1459.9,1463.1,493385
2026-05-05 08:30:00,1462.4,1464.3,1459.2,1460.6,283064
2026-05-05 08:35:00,1461.1,1461.5,1459.3,1460.4,100112
2026-05-05 08:40:00,1460.4,1461.0,1459.1,1460.4,138806
2026-05-05 08:45:00,1460.2,1462.0,1459.2,1461.4,341524
2026-05-05 08:50:00,1461.9,1463.2,1460.5,1460.6,293063
2026-05-05 08:55:00,1460.9,1462.8,1460.2,1462.4,168065
2026-05-05 09:00:00,1462.5,1462.5,1459.1,1460.0,213877
2026-05-05 09:05:00,1460.0,1462.9,1459.4,1460.9,591960
2026-05-05 09:10:00,1461.3,1462.0,1460.0,1461.5,139956
2026-05-05 09:15:00,1461.5,1461.9,1460.0,1460.3,177626
2026-05-05 09:20:00,1460.3,1461.9,1459.1,1460.5,321906
2026-05-05 09:25:00,1460.5,1461.6,1459.9,1460.3,214886
2026-05-05 09:30:00,1459.8,1464.1,1459.8,1463.0,716507
2026-05-05 09:35:00,1462.8,1464.9,1460.7,1464.3,1476748
2026-05-05 09:40:00,1464.3,1464.7,1462.3,1464.4,657086
2026-05-05 09:45:00,1464.5,1464.8,1463.1,1464.2,195350
2026-05-05 09:50:00,1464.0,1465.1,1462.6,1464.3,484831
2026-05-05 09:55:00,1464.2,1467.1,1460.3,1462.5,500150
2026-05-06 03:45:00,1463.0,1473.3,1463.0,1469.3,647416
2026-05-06 03:50:00,1469.3,1471.3,1468.0,1469.0,147782
2026-05-06 03:55:00,1468.5,1469.0,1465.0,1465.8,133355
2026-05-06 04:00:00,1465.9,1467.2,1465.0,1465.1,85611
2026-05-06 04:05:00,1465.0,1465.9,1463.4,1464.2,89940
2026-05-06 04:10:00,1464.1,1464.8,1463.0,1463.3,96679
2026-05-06 04:15:00,1463.7,1465.5,1463.1,1463.1,79092
2026-05-06 04:20:00,1463.4,1465.0,1460.9,1464.4,233544
2026-05-06 04:25:00,1464.5,1465.5,1461.7,1461.8,123142
2026-05-06 04:30:00,1461.8,1461.8,1456.1,1457.5,206479
2026-05-06 04:35:00,1457.5,1457.7,1453.2,1455.0,152340
2026-05-06 04:40:00,1455.0,1456.1,1453.0,1455.5,126333
2026-05-06 04:45:00,1455.3,1455.5,1451.9,1454.4,188422
2026-05-06 04:50:00,1454.4,1456.3,1453.4,1453.9,62408
2026-05-06 04:55:00,1453.4,1455.3,1453.3,1453.8,56884
2026-05-06 05:00:00,1454.0,1454.0,1452.0,1452.1,47511
2026-05-06 05:05:00,1451.3,1453.3,1450.0,1452.3,107753
2026-05-06 05:10:00,1452.3,1454.7,1451.7,1454.4,71508
2026-05-06 05:15:00,1454.3,1454.4,1453.1,1453.7,42872
2026-05-06 05:20:00,1453.8,1453.8,1449.0,1450.2,208261
2026-05-06 05:25:00,1450.2,1451.3,1444.0,1445.1,222630
2026-05-06 05:30:00,1445.5,1447.0,1445.0,1446.1,111037
2026-05-06 05:35:00,1446.3,1448.6,1446.0,1448.5,210543
2026-05-06 05:40:00,1448.5,1448.7,1447.1,1447.8,39591
2026-05-06 05:45:00,1448.0,1450.0,1447.5,1448.7,111891
2026-05-06 05:50:00,1448.6,1450.5,1447.9,1448.8,72546
2026-05-06 05:55:00,1448.8,1450.0,1448.5,1450.0,35231
2026-05-06 06:00:00,1450.0,1450.0,1448.3,1448.9,45257
2026-05-06 06:05:00,1448.9,1448.9,1445.5,1445.9,156178
2026-05-06 06:10:00,1446.0,1447.6,1445.5,1447.3,39175
2026-05-06 06:15:00,1447.6,1448.4,1445.5,1447.8,51128
2026-05-06 06:20:00,1447.9,1448.0,1445.5,1447.4,66714
2026-05-06 06:25:00,1447.3,1447.8,1445.3,1445.6,74801
2026-05-06 06:30:00,1445.6,1446.4,1445.3,1446.0,43551
2026-05-06 06:35:00,1446.0,1447.0,1445.1,1446.6,38699
2026-05-06 06:40:00,1446.5,1447.0,1445.7,1446.4,33313
2026-05-06 06:45:00,1446.5,1446.5,1442.1,1443.9,203553
2026-05-06 06:50:00,1443.9,1443.9,1438.5,1441.6,184301
2026-05-06 06:55:00,1441.6,1442.7,1439.6,1440.6,109093
2026-05-06 07:00:00,1440.6,1441.2,1439.4,1439.9,78453
2026-05-06 07:05:00,1440.0,1440.0,1433.7,1435.4,146357
2026-05-06 07:10:00,1435.4,1435.7,1431.2,1432.0,115057
2026-05-06 07:15:00,1432.0,1432.8,1430.1,1432.7,107590
2026-05-06 07:20:00,1432.7,1432.9,1427.5,1429.6,158719
2026-05-06 07:25:00,1429.6,1433.0,1429.0,1432.8,82207
2026-05-06 07:30:00,1432.8,1433.0,1430.9,1431.4,45488
2026-05-06 07:35:00,1431.4,1434.3,1430.8,1434.1,75793
2026-05-06 07:40:00,1434.0,1434.7,1431.4,1433.0,89539
2026-05-06 07:45:00,1433.0,1434.9,1431.3,1434.8,87425
2026-05-06 07:50:00,1434.8,1436.3,1434.1,1434.6,157161
2026-05-06 07:55:00,1434.6,1435.3,1433.1,1433.8,222446
2026-05-06 08:00:00,1433.8,1434.0,1431.5,1432.1,266142
2026-05-06 08:05:00,1431.8,1435.2,1431.5,1433.9,155877
2026-05-06 08:10:00,1433.9,1434.4,1432.3,1433.5,72555
2026-05-06 08:15:00,1433.5,1433.7,1431.5,1432.2,126809
2026-05-06 08:20:00,1432.2,1435.0,1432.0,1433.1,373396
2026-05-06 08:25:00,1433.1,1435.9,1433.0,1434.9,162166
2026-05-06 08:30:00,1434.9,1435.7,1433.3,1434.7,95082
2026-05-06 08:35:00,1434.9,1435.6,1434.5,1435.5,145721
2026-05-06 08:40:00,1435.1,1437.2,1435.0,1436.8,126004
2026-05-06 08:45:00,1436.4,1439.5,1436.2,1438.6,183525
2026-05-06 08:50:00,1439.0,1446.4,1438.6,1445.3,568992
2026-05-06 08:55:00,1445.3,1450.9,1445.0,1450.0,414446
2026-05-06 09:00:00,1450.5,1450.9,1444.5,1448.7,363719
2026-05-06 09:05:00,1448.5,1450.2,1445.0,1445.7,251316
2026-05-06 09:10:00,1445.6,1446.7,1442.9,1445.4,165000
2026-05-06 09:15:00,1445.1,1445.7,1443.4,1444.1,201103
2026-05-06 09:20:00,1444.2,1444.8,1442.1,1442.4,221469
2026-05-06 09:25:00,1442.4,1444.1,1440.7,1442.7,185345
2026-05-06 09:30:00,1442.9,1443.7,1435.9,1438.3,902186
2026-05-06 09:35:00,1438.1,1439.3,1437.0,1438.1,708127
2026-05-06 09:40:00,1438.1,1439.6,1438.0,1438.2,624985
2026-05-06 09:45:00,1438.2,1439.1,1437.2,1437.8,599096
2026-05-06 09:50:00,1437.8,1438.1,1435.9,1436.4,525351
2026-05-06 09:55:00,1436.4,1439.8,1435.0,1438.7,488881
2026-05-07 03:45:00,1438.8,1442.1,1433.0,1433.1,494602
2026-05-07 03:50:00,1433.4,1435.7,1430.3,1433.4,215911
2026-05-07 03:55:00,1433.5,1436.9,1432.0,1435.8,177609
2026-05-07 04:00:00,1436.0,1439.8,1434.3,1439.0,192729
2026-05-07 04:05:00,1439.2,1439.7,1436.1,1437.4,185928
2026-05-07 04:10:00,1437.4,1443.5,1437.3,1442.3,162110
2026-05-07 04:15:00,1442.3,1444.0,1440.2,1440.4,214302
2026-05-07 04:20:00,1440.3,1442.2,1440.0,1441.5,178087
2026-05-07 04:25:00,1441.5,1444.5,1441.0,1444.4,171636
2026-05-07 04:30:00,1444.1,1446.4,1443.9,1445.3,138695
2026-05-07 04:35:00,1445.3,1445.9,1436.4,1438.3,203313
2026-05-07 04:40:00,1438.3,1439.1,1436.6,1438.5,115411
2026-05-07 04:45:00,1438.1,1440.6,1437.3,1440.6,132636
2026-05-07 04:50:00,1440.3,1442.3,1438.5,1440.5,207470
2026-05-07 04:55:00,1441.0,1441.8,1439.6,1440.8,97073
2026-05-07 05:00:00,1440.9,1442.1,1440.8,1441.0,77175
2026-05-07 05:05:00,1441.2,1442.0,1440.0,1442.0,81174
2026-05-07 05:10:00,1441.9,1443.8,1441.9,1443.1,100675
2026-05-07 05:15:00,1443.2,1443.9,1440.5,1441.2,182261
2026-05-07 05:20:00,1441.0,1441.0,1438.3,1439.7,106035
2026-05-07 05:25:00,1439.7,1440.0,1436.6,1437.0,154180
2026-05-07 05:30:00,1437.2,1437.6,1435.4,1435.7,109849
2026-05-07 05:35:00,1435.5,1436.3,1434.1,1435.0,179022
2026-05-07 05:40:00,1435.0,1435.5,1433.6,1435.3,107776
2026-05-07 05:45:00,1435.0,1436.3,1434.4,1435.8,117534
2026-05-07 05:50:00,1435.8,1436.1,1433.1,1434.8,93895
2026-05-07 05:55:00,1434.7,1435.3,1433.0,1435.3,91285
2026-05-07 06:00:00,1435.2,1438.5,1435.2,1436.9,154106
2026-05-07 06:05:00,1436.7,1437.8,1436.3,1437.7,57056
2026-05-07 06:10:00,1437.7,1437.7,1434.4,1434.5,99879
2026-05-07 06:15:00,1434.5,1437.9,1433.6,1437.2,179339
2026-05-07 06:20:00,1437.4,1439.4,1437.0,1438.8,82774
2026-05-07 06:25:00,1438.8,1440.0,1437.6,1438.9,71344
2026-05-07 06:30:00,1438.8,1441.5,1438.8,1439.2,126487
2026-05-07 06:35:00,1439.4,1441.4,1438.6,1441.3,149512
2026-05-07 06:40:00,1441.3,1442.5,1440.6,1441.8,97701
2026-05-07 06:45:00,1441.8,1444.0,1441.8,1442.0,168418
2026-05-07 06:50:00,1442.2,1443.9,1442.1,1442.9,174259
2026-05-07 06:55:00,1442.8,1443.7,1441.4,1441.5,117433
2026-05-07 07:00:00,1441.4,1442.0,1439.1,1440.4,132589
2026-05-07 07:05:00,1440.4,1446.0,1439.0,1445.7,363175
2026-05-07 07:10:00,1445.9,1449.5,1445.5,1448.0,413919
2026-05-07 07:15:00,1448.0,1449.0,1445.6,1446.9,259019
2026-05-07 07:20:00,1446.9,1447.0,1443.8,1444.8,191339
2026-05-07 07:25:00,1444.9,1445.7,1441.5,1442.0,171634
2026-05-07 07:30:00,1442.2,1444.5,1441.7,1443.7,78269
2026-05-07 07:35:00,1443.9,1445.7,1443.0,1443.2,89562
2026-05-07 07:40:00,1443.0,1443.4,1441.3,1441.9,131716
2026-05-07 07:45:00,1442.0,1443.2,1437.5,1439.3,170433
2026-05-07 07:50:00,1439.3,1441.0,1439.0,1439.4,229795
2026-05-07 07:55:00,1439.5,1440.4,1439.2,1440.0,28954
2026-05-07 08:00:00,1440.1,1440.7,1439.0,1439.8,77669
2026-05-07 08:05:00,1439.9,1440.1,1438.0,1438.1,86443
2026-05-07 08:10:00,1438.0,1439.9,1437.5,1438.4,142384
2026-05-07 08:15:00,1438.4,1440.0,1437.6,1439.4,147582
2026-05-07 08:20:00,1439.6,1440.7,1438.1,1440.5,131552
2026-05-07 08:25:00,1440.5,1441.0,1438.6,1440.3,93657
2026-05-07 08:30:00,1439.8,1440.4,1437.5,1438.0,58603
2026-05-07 08:35:00,1438.4,1440.0,1437.2,1440.0,197772
2026-05-07 08:40:00,1439.8,1440.0,1438.3,1439.5,155885
2026-05-07 08:45:00,1439.6,1440.1,1438.0,1438.7,120710
2026-05-07 08:50:00,1438.7,1441.4,1438.4,1440.7,251922
2026-05-07 08:55:00,1440.7,1444.2,1439.1,1442.1,820331
2026-05-07 09:00:00,1442.1,1444.0,1440.0,1440.0,556031
2026-05-07 09:05:00,1440.8,1440.8,1438.6,1438.6,232801
2026-05-07 09:10:00,1438.7,1440.0,1436.3,1437.7,574935
2026-05-07 09:15:00,1438.0,1439.0,1436.6,1437.3,185400
2026-05-07 09:20:00,1437.5,1438.5,1436.6,1436.8,93404
2026-05-07 09:25:00,1437.2,1437.8,1435.4,1436.1,82541
2026-05-07 09:30:00,1436.1,1441.9,1430.5,1437.6,4038716
2026-05-07 09:35:00,1437.7,1441.3,1435.7,1438.1,1670996
2026-05-07 09:40:00,1438.1,1438.4,1433.8,1434.5,829556
2026-05-07 09:45:00,1434.6,1435.9,1433.4,1435.8,626831
2026-05-07 09:50:00,1435.7,1436.0,1435.3,1435.8,296683
2026-05-07 09:55:00,1435.9,1437.0,1434.0,1435.5,253722
2026-05-08 03:45:00,1426.0,1429.5,1417.5,1425.0,632958
2026-05-08 03:50:00,1425.0,1426.9,1423.8,1424.1,166903
2026-05-08 03:55:00,1424.4,1427.0,1424.1,1427.0,106153
2026-05-08 04:00:00,1426.8,1426.9,1422.0,1423.5,145413
2026-05-08 04:05:00,1423.5,1423.5,1421.0,1421.3,109370
2026-05-08 04:10:00,1421.3,1421.5,1419.4,1419.7,148853
2026-05-08 04:15:00,1419.6,1420.7,1418.0,1419.9,162848
2026-05-08 04:20:00,1419.9,1421.9,1419.8,1421.5,112099
2026-05-08 04:25:00,1421.5,1424.0,1421.3,1423.9,91425
2026-05-08 04:30:00,1423.9,1424.8,1423.1,1424.4,68952
2026-05-08 04:35:00,1424.4,1426.0,1424.2,1425.5,62216
2026-05-08 04:40:00,1425.5,1429.0,1424.1,1428.4,138071
2026-05-08 04:45:00,1428.8,1429.0,1426.1,1429.0,86537
2026-05-08 04:50:00,1428.9,1431.2,1428.2,1431.0,125225
2026-05-08 04:55:00,1430.9,1433.0,1430.1,1432.0,94337
2026-05-08 05:00:00,1432.0,1432.0,1429.4,1429.8,71384
2026-05-08 05:05:00,1429.8,1432.0,1429.5,1430.8,63512
2026-05-08 05:10:00,1430.8,1432.0,1430.7,1431.3,51109
2026-05-08 05:15:00,1431.3,1431.3,1430.1,1430.5,34968
2026-05-08 05:20:00,1430.3,1430.5,1427.4,1428.0,87444
2026-05-08 05:25:00,1427.6,1428.6,1426.1,1426.2,71114
2026-05-08 05:30:00,1426.4,1431.4,1426.1,1429.9,204582
2026-05-08 05:35:00,1429.7,1430.0,1429.0,1429.4,39977
2026-05-08 05:40:00,1429.4,1429.7,1428.5,1429.2,37865
2026-05-08 05:45:00,1429.0,1429.7,1426.7,1427.0,42598
2026-05-08 05:50:00,1427.0,1428.0,1426.1,1427.2,59443
2026-05-08 05:55:00,1427.2,1427.3,1426.3,1426.7,45203
2026-05-08 06:00:00,1426.7,1429.2,1425.8,1428.7,77775
2026-05-08 06:05:00,1429.0,1429.0,1427.1,1427.6,25275
2026-05-08 06:10:00,1427.5,1427.7,1426.7,1426.7,18177
2026-05-08 06:15:00,1426.9,1427.1,1425.4,1425.4,52713
2026-05-08 06:20:00,1425.4,1426.0,1424.4,1425.0,80221
2026-05-08 06:25:00,1424.6,1424.6,1423.5,1424.4,49627
2026-05-08 06:30:00,1424.6,1424.8,1423.3,1424.0,35988
2026-05-08 06:35:00,1424.0,1424.6,1423.5,1424.0,38941
2026-05-08 06:40:00,1423.8,1424.2,1422.4,1423.9,139749
2026-05-08 06:45:00,1423.9,1426.6,1423.3,1426.4,169085
2026-05-08 06:50:00,1426.7,1426.8,1425.2,1426.0,118249
2026-05-08 06:55:00,1426.0,1426.2,1425.1,1425.8,49077
2026-05-08 07:00:00,1425.8,1425.8,1423.9,1424.0,32015
2026-05-08 07:05:00,1423.9,1425.0,1423.5,1424.2,58234
2026-05-08 07:10:00,1424.5,1424.9,1423.8,1424.2,24383
2026-05-08 07:15:00,1424.3,1424.9,1423.5,1424.8,86932
2026-05-08 07:20:00,1424.8,1424.9,1423.9,1424.3,28473
2026-05-08 07:25:00,1424.3,1424.5,1422.1,1422.1,62466
2026-05-08 07:30:00,1422.6,1422.7,1421.6,1422.0,71591
2026-05-08 07:35:00,1422.0,1423.7,1421.9,1423.4,99863
2026-05-08 07:40:00,1423.5,1423.7,1422.5,1422.7,69161
2026-05-08 07:45:00,1422.7,1424.0,1422.3,1424.0,201205
2026-05-08 07:50:00,1424.0,1424.7,1423.9,1424.5,58963
2026-05-08 07:55:00,1424.3,1427.5,1424.2,1427.0,191686
2026-05-08 08:00:00,1427.0,1427.4,1425.1,1425.9,64097
2026-05-08 08:05:00,1426.0,1426.2,1425.3,1425.7,29975
2026-05-08 08:10:00,1425.7,1426.7,1425.3,1425.8,56552
2026-05-08 08:15:00,1425.8,1426.2,1425.5,1425.9,27185
2026-05-08 08:20:00,1426.0,1426.0,1424.7,1425.9,105989
2026-05-08 08:25:00,1426.0,1426.0,1424.2,1424.9,79987
2026-05-08 08:30:00,1425.0,1426.7,1423.5,1425.9,103261
2026-05-08 08:35:00,1425.9,1427.3,1425.6,1427.0,136828
2026-05-08 08:40:00,1427.0,1427.3,1425.5,1426.0,39841
2026-05-08 08:45:00,1426.0,1427.4,1425.6,1426.4,73100
2026-05-08 08:50:00,1426.5,1427.6,1426.0,1427.5,87775
2026-05-08 08:55:00,1427.5,1427.5,1426.2,1427.4,40743
2026-05-08 09:00:00,1427.4,1430.8,1427.3,1429.6,168476
2026-05-08 09:05:00,1429.7,1433.6,1429.6,1432.8,406565
2026-05-08 09:10:00,1432.8,1441.7,1432.4,1440.0,320651
2026-05-08 09:15:00,1440.5,1442.8,1439.6,1441.9,160256
2026-05-08 09:20:00,1442.0,1442.6,1439.8,1440.0,79530
2026-05-08 09:25:00,1440.2,1440.5,1437.7,1438.5,76303
2026-05-08 09:30:00,1438.2,1438.5,1433.3,1433.9,296111
2026-05-08 09:35:00,1433.8,1434.7,1433.3,1434.4,261004
2026-05-08 09:40:00,1434.4,1436.3,1433.7,1434.6,237562
2026-05-08 09:45:00,1434.6,1437.4,1434.4,1436.0,270328
2026-05-08 09:50:00,1435.8,1436.5,1434.5,1436.3,283569
2026-05-08 09:55:00,1436.4,1437.2,1434.3,1436.0,244767
